{"region_name": "Ghana", "landuse": {"type": [0, 1, 2, 3, 4, 5, 6, 7, 8, 9, 10, 11, 12, 13, 14, 15, 16], "type_urban": 13, "Ross_coeff": [0.0208, 0.0208, 0.0208, 0.0208, 0.0208, 0.0208, 0.0208, 0.0208, 0.0208, 0.0208, 0.0208, 0.0208, 0.0208, 0.0208, 0.0208, 0.0208, 0.0208], "albedo": [0.0, 0.2, 0.2, 0.2, 0.2, 0.2, 0.2, 0.2, 0.2, 0.2, 0.2, 0.0, 0.2, 0.2, 0.2, 0.0, 0.2], "hellmann": [0.1, 0.25, 0.25, 0.25, 0.25, 0.25, 0.2, 0.2, 0.25, 0.25, 0.15, 0.15, 0.2, 0.4, 0.2, 0.15, 0.15], "height": [213, 366, 366, 366, 366, 366, 320, 320, 366, 366, 274, 274, 320, 457, 320, 274, 274]}, "WindOn": {"resource": {"res_correction": 1, "topo_correction": 1, "topo_weight": "capacity"}, "technical": {"w_in": 4, "w_r": 13, "w_off": 25, "P_r": 3, "hub_height": 120}, "mask": {"slope": 20, "lu_suitability": [0, 1, 1, 1, 1, 1, 1, 1, 1, 1, 1, 0, 1, 0, 1, 0, 1], "pa_suitability": [1, 0, 0, 0, 0, 0, 1, 1, 1, 1, 1], "buffer_pixel_amount": 1}, "weight": {"lu_availability": [0.0, 0.08, 0.08, 0.08, 0.08, 0.08, 0.08, 0.1, 0.1, 0.1, 0.1, 0.0, 0.1, 0.0, 0.1, 0.0, 0.1], "pa_availability": [1.0, 0.0, 0.0, 0.0, 0.0, 0.0, 0.25, 1.0, 1.0, 1.0, 1.0], "power_density": 8e-06, "f_performance": 0.87}}, "Crd_all": [11.25, 1.25, 4.25, -3.75], "res_desired": [0.004166666666666667, 0.004166666666666667], "GeoRef": {"RasterOrigin": [-3.75, 11.25], "RasterOrigin_alt": [-3.75, 4.25], "pixelWidth": 0.004166666666666667, "pixelHeight": -0.004166666666666667}, "author": "Houssame Houmy", "comment": "Test_new_code_structure", "LU": "E:\\Database_KS\\03 Intermediate files\\Files Ghana\\Maps\\Ghana_Landuse.tif", "BUFFER": "E:\\Database_KS\\03 Intermediate files\\Files Ghana\\Maps\\Ghana_Population_Buffered.tif", "timestamp": "20191016T133311", "function": "generate_buffered_population"}