{"subregions_name": "gadm36_GHA_1", "m_high": 1680, "n_high": 1200, "Crd_all": [11.25, 1.25, 4.25, -3.75], "res_desired": [0.004166666666666667, 0.004166666666666667], "GeoRef": {"RasterOrigin": [-3.75, 11.25], "RasterOrigin_alt": [-3.75, 4.25], "pixelWidth": 0.004166666666666667, "pixelHeight": -0.004166666666666667}, "nRegions_sea": 2, "author": "Houssame Houmy", "comment": "Test_new_code_structure", "subregions": "E:\\Database_KS\\02 Shapefiles for regions\\User-defined\\gadm36_GHA_1.shp", "SUB": "E:\\Database_KS\\03 Intermediate files\\Files Ghana\\Maps\\Ghana_Subregions.tif", "timestamp": "20191016T131807", "function": "generate_subregions"}