{"region_name": "Ghana", "Crd_all": [11.25, 1.25, 4.25, -3.75], "res_desired": [0.004166666666666667, 0.004166666666666667], "GeoRef": {"RasterOrigin": [-3.75, 11.25], "RasterOrigin_alt": [-3.75, 4.25], "pixelWidth": 0.004166666666666667, "pixelHeight": -0.004166666666666667}, "author": "Houssame Houmy", "comment": "Test_new_code_structure", "Pop_global": "E:\\Database_KS\\01 Raw inputs\\Maps\\Population\\gpw_v4_population_count_rev10_2015_30_sec.tif", "POP": "E:\\Database_KS\\03 Intermediate files\\Files Ghana\\Maps\\Ghana_Population.tif", "timestamp": "20191017T124625", "function": "generate_population"}