{"region_name": "Ghana", "protected_areas": {"type": [0, 1, 2, 3, 4, 5, 6, 7, 8, 9, 10], "IUCN_Category": ["Not Protected", "Ia", "Ib", "II", "III", "IV", "V", "VI", "Not Applicable", "Not Assigned", "Not Reported"]}, "Crd_all": [11.25, 1.25, 4.25, -3.75], "res_desired": [0.004166666666666667, 0.004166666666666667], "GeoRef": {"RasterOrigin": [-3.75, 11.25], "RasterOrigin_alt": [-3.75, 4.25], "pixelWidth": 0.004166666666666667, "pixelHeight": -0.004166666666666667}, "author": "Houssame Houmy", "comment": "Test_new_code_structure", "Protected": "E:\\Database_KS\\01 Raw inputs\\Maps\\Protected Areas\\WDPA_Nov2018-shapefile-polygons.shp", "PA": "E:\\Database_KS\\03 Intermediate files\\Files Ghana\\Maps\\Ghana_Protected_areas.tif", "timestamp": "20191016T133232", "function": "generate_protected_areas"}