{"region_name": "Ghana", "Crd_all": [11.25, 1.25, 4.25, -3.75], "res_desired": [0.004166666666666667, 0.004166666666666667], "GeoRef": {"RasterOrigin": [-3.75, 11.25], "RasterOrigin_alt": [-3.75, 4.25], "pixelWidth": 0.004166666666666667, "pixelHeight": -0.004166666666666667}, "author": "Houssame Houmy", "comment": "Test_new_code_structure", "Bathym_global": "E:\\Database_KS\\01 Raw inputs\\Maps\\Bathymetry\\ETOPO1_Ice_c_geotiff.tif", "BATH": "E:\\Database_KS\\03 Intermediate files\\Files Ghana\\Maps\\Ghana_Bathymetry.tif", "timestamp": "20191016T131848", "function": "generate_bathymetry"}