{"region_name": "Ghana", "m_high": 1680, "n_high": 1200, "Crd_all": [11.25, 1.25, 4.25, -3.75], "res_desired": [0.004166666666666667, 0.004166666666666667], "GeoRef": {"RasterOrigin": [-3.75, 11.25], "RasterOrigin_alt": [-3.75, 4.25], "pixelWidth": 0.004166666666666667, "pixelHeight": -0.004166666666666667}, "nRegions_sea": 2, "author": "Houssame Houmy", "comment": "Test_new_code_structure", "EEZ_global": "E:\\Database_KS\\01 Raw inputs\\Maps\\EEZ\\eez_v10.shp", "EEZ": "E:\\Database_KS\\03 Intermediate files\\Files Ghana\\Maps\\Ghana_EEZ.tif", "timestamp": "20191016T131806", "function": "generate_landsea"}