{"MERRA_coverage": "World", "region_name": "Ghana", "Crd_all": [11.25, 1.25, 4.25, -3.75], "res_weather": [0.5, 0.625], "MERRA_correction": true, "MERRA_correction_factor": {"W50M": 0.35, "CLEARNESS": 0.35, "T2M": 0.35}, "author": "Houssame Houmy", "comment": "Test_new_code_structure", "MERRA_IN": "E:\\Database_KS\\01 Raw inputs\\Renewable energy\\World 2015\\", "CLEARNESS": "E:\\Database_KS\\03 Intermediate files\\Files Ghana\\Weather data\\clearness_2015.mat", "timestamp": "20191016T131805", "function": "generate_weather_files"}